id,first_name,last_name,email,gender,age,marital_status,country,work,salary(million),have_car,car_band,is_join
1,Dew,Willisch,dwillisch0@mac.com,Male,40,true,Tanzania,Statistician II,17,1,Mitsubishi,1
2,Cyndi,McGown,cmcgown1@mashable.com,Genderfluid,42,false,Poland,Software Consultant,22,1,Chevrolet,0
3,Mirabella,Ainscough,mainscough2@loc.gov,Female,23,true,Indonesia,Senior Quality Engineer,13,0,,0
4,Pammy,Westbrook,pwestbrook3@google.com,Female,20,true,Indonesia,Senior Developer,13,1,Isuzu,1
5,Joleen,Labin,jlabin4@hugedomains.com,Female,28,true,United States,Staff Scientist,17,1,Ford,1
6,Lindsy,Dyer,ldyer5@patch.com,Non-binary,20,true,Czech Republic,Actuary,12,1,Mercury,1
7,Egon,Gatley,egatley6@flickr.com,Male,31,false,China,Senior Editor,16,0,,1
8,Eleonora,Fossett,efossett7@zdnet.com,Female,36,true,Indonesia,Cost Accountant,12,0,,1
9,Marcile,Torrance,mtorrance8@disqus.com,Female,26,false,Sweden,Health Coach I,13,0,,0
10,Stephanus,Spottswood,sspottswood9@europa.eu,Male,43,true,Philippines,Professor,15,0,,1
11,Hadley,Allport,hallporta@nps.gov,Male,35,false,Ukraine,Administrative Officer,16,1,Mercedes-Benz,0
12,Wallie,Guerreiro,wguerreirob@imdb.com,Male,43,true,Indonesia,Electrical Engineer,13,1,Aston Martin,1
13,Emory,Chucks,echucksc@yahoo.co.jp,Male,54,true,Portugal,Speech Pathologist,16,1,Dodge,0
14,Rickert,Durrett,rdurrettd@weather.com,Male,30,false,Greece,Junior Executive,16,1,Pontiac,1
15,Rosamund,Petrenko,rpetrenkoe@histats.com,Female,27,false,Indonesia,Civil Engineer,12,1,Suzuki,0
16,Jodi,Kaubisch,jkaubischf@slashdot.org,Female,38,false,China,Human Resources Manager,14,1,Infiniti,0
17,Arvy,Sawter,asawterg@facebook.com,Male,43,true,Poland,Business Systems Development Analyst,24,1,Chevrolet,0
18,Dal,Wake,dwakeh@google.co.jp,Male,49,false,Myanmar,Office Assistant III,13,1,Ford,1
19,Adriana,Sacco,asaccoi@dailymail.co.uk,Female,49,false,Poland,Automation Specialist I,15,1,Isuzu,1
20,Almeria,Miettinen,amiettinenj@friendfeed.com,Female,26,false,Indonesia,Marketing Assistant,20,1,Subaru,1
21,Collin,Campe,ccampek@ehow.com,Male,41,false,China,Software Test Engineer III,12,1,Porsche,0
22,Wilden,Yablsley,wyablsleyl@examiner.com,Male,39,true,China,Accounting Assistant III,20,1,Ford,1
23,Fionna,Beaufoy,fbeaufoym@harvard.edu,Bigender,24,false,Yemen,Structural Analysis Engineer,13,1,Mitsubishi,1
24,Wash,Farloe,wfarloen@thetimes.co.uk,Male,27,false,China,Clinical Specialist,8,1,Land Rover,1
25,Lexy,Rowledge,lrowledgeo@microsoft.com,Female,28,true,Slovenia,Graphic Designer,21,1,Buick,0
26,Nessi,Hadland,nhadlandp@bigcartel.com,Female,29,true,China,Staff Accountant II,16,1,BMW,1
27,Jacqueline,Manderson,jmandersonq@gravatar.com,Female,42,false,Iran,Health Coach IV,12,0,,1
28,Linoel,Coppock.,lcoppockr@lulu.com,Male,30,false,Indonesia,Budget/Accounting Analyst I,15,1,Ford,0
29,Arv,Gyorgy,agyorgys@google.es,Male,39,false,Portugal,Media Manager IV,12,0,,0
30,Levy,McColgan,lmccolgant@wired.com,Male,40,false,Namibia,VP Product Management,17,0,,0
31,Giacomo,Sayles,gsaylesu@blogtalkradio.com,Male,27,false,United States,Quality Control Specialist,19,1,Mitsubishi,1
32,Essa,Dagnall,edagnallv@admin.ch,Female,45,true,China,Tax Accountant,23,1,Lamborghini,1
33,Ansley,Haughey,ahaugheyw@dmoz.org,Female,34,true,Brazil,Sales Associate,15,1,Isuzu,0
34,Gloriana,Merington,gmeringtonx@reference.com,Female,50,true,Sweden,Systems Administrator III,11,1,Dodge,1
35,Stephi,Dran,sdrany@uol.com.br,Female,20,false,Netherlands,Electrical Engineer,18,1,Nissan,0
36,Erroll,Ortmann,eortmannz@loc.gov,Male,52,false,Armenia,Senior Cost Accountant,15,1,Lexus,1
37,Veronica,Blaszczyk,vblaszczyk10@buzzfeed.com,Non-binary,40,false,Philippines,Software Test Engineer III,16,1,Mitsubishi,0
38,Johannah,Dewfall,jdewfall11@springer.com,Female,48,true,Russia,Chemical Engineer,27,1,Ford,0
39,Rand,Lakeland,rlakeland12@drupal.org,Male,26,true,France,VP Product Management,14,0,,0
40,Dolores,Shortcliffe,dshortcliffe13@vinaora.com,Female,31,false,Indonesia,Human Resources Assistant IV,15,1,Chevrolet,0
41,Drusilla,Vears,dvears14@ehow.com,Female,26,true,China,VP Sales,14,0,,1
42,Suzette,Baudy,sbaudy15@boston.com,Female,21,true,China,Senior Cost Accountant,14,0,,0
43,Franklin,McGuggy,fmcguggy16@mayoclinic.com,Male,22,false,China,Recruiter,10,1,Mercedes-Benz,0
44,Pepillo,Cisar,pcisar17@berkeley.edu,Male,30,false,France,Help Desk Operator,20,1,Mazda,1
45,Tate,Ikringill,tikringill18@cocolog-nifty.com,Female,30,false,Philippines,Help Desk Operator,16,1,Rolls-Royce,0
46,Angelita,Minichi,aminichi19@scribd.com,Female,38,false,Madagascar,Accounting Assistant II,22,1,Chevrolet,0
47,Stan,MacAdie,smacadie1a@w3.org,Male,54,false,China,Nurse Practicioner,21,0,,0
48,Geri,Luetchford,gluetchford1b@4shared.com,Male,20,false,Mauritius,Web Developer IV,13,0,,0
49,Felicio,Loveday,floveday1c@goo.gl,Agender,45,false,China,Analog Circuit Design manager,16,1,Lexus,0
50,Lennie,Kirkpatrick,lkirkpatrick1d@netscape.com,Male,53,true,Portugal,Statistician IV,18,0,,1
51,Tad,Rosoman,trosoman1e@aboutads.info,Male,20,false,China,Staff Accountant II,9,1,Mercedes-Benz,0
52,Rufe,Shuard,rshuard1f@techcrunch.com,Non-binary,20,true,China,Chemical Engineer,16,0,,1
53,Mannie,Gowthrop,mgowthrop1g@mayoclinic.com,Male,44,true,United States,Database Administrator I,16,1,Acura,0
54,Marley,Ruppert,mruppert1h@zimbio.com,Female,36,true,France,Nurse,27,1,Chevrolet,1
55,Angelique,Lammiman,alammiman1i@ezinearticles.com,Non-binary,20,false,Russia,Associate Professor,10,1,Saab,1
56,Thorsten,Bottomley,tbottomley1j@geocities.jp,Male,27,true,China,VP Sales,12,1,Nissan,0
57,Janine,Waddams,jwaddams1k@amazon.de,Female,30,true,Poland,Systems Administrator I,18,1,Ford,1
58,Town,Langlands,tlanglands1l@archive.org,Male,20,false,Thailand,Compensation Analyst,25,1,Mazda,1
59,Elke,Franies,efranies1m@soup.io,Female,35,false,Latvia,Assistant Manager,18,0,,1
60,Lindsay,Mateos,lmateos1n@w3.org,Male,40,true,Portugal,Chief Design Engineer,18,1,Pontiac,0
61,Rowen,Kenryd,rkenryd1o@virginia.edu,Male,34,false,Guatemala,Account Representative IV,17,1,Pontiac,0
62,Kimberlee,Strute,kstrute1p@so-net.ne.jp,Female,28,true,Brazil,Budget/Accounting Analyst IV,18,1,Audi,0
63,Antonio,Cadman,acadman1q@photobucket.com,Male,33,true,Portugal,Software Test Engineer III,19,1,Porsche,1
64,Dunstan,Hessel,dhessel1r@usda.gov,Male,24,false,China,Media Manager II,26,0,,1
65,Graig,O'Nowlan,gonowlan1s@cbsnews.com,Male,31,true,Indonesia,Mechanical Systems Engineer,20,1,Honda,0
66,Bondon,Purcell,bpurcell1t@seesaa.net,Genderqueer,34,true,Philippines,Electrical Engineer,14,1,Mercedes-Benz,0
67,Marys,Lorrimer,mlorrimer1u@archive.org,Female,39,false,Russia,VP Marketing,16,0,,0
68,Georgine,Denisard,gdenisard1v@woothemes.com,Female,27,true,Indonesia,Information Systems Manager,10,1,Ford,0
69,Phoebe,Shellcross,pshellcross1w@sciencedaily.com,Female,42,false,Cuba,Social Worker,18,1,Ford,0
70,Gretel,Abbatini,gabbatini1x@tripod.com,Female,49,false,Portugal,Assistant Manager,13,1,Nissan,1
71,Zebedee,Simecek,zsimecek1y@usa.gov,Male,41,true,Ukraine,Senior Financial Analyst,22,1,Volkswagen,0
72,Elspeth,Houseman,ehouseman1z@google.fr,Female,48,true,China,Financial Advisor,12,1,Ford,0
73,Emmalynn,Dany,edany20@timesonline.co.uk,Female,42,false,Russia,Account Representative I,17,1,Chevrolet,0
74,Stacy,Lawee,slawee21@cisco.com,Male,41,false,Somalia,Senior Financial Analyst,12,0,,0
75,Larina,Richard,lrichard22@wsj.com,Female,34,false,Mongolia,Structural Analysis Engineer,21,1,Jeep,1
76,Sada,Livett,slivett23@bbc.co.uk,Female,45,true,China,Software Engineer II,13,1,Lamborghini,0
77,Bruno,Perren,bperren24@sfgate.com,Male,31,false,China,Software Test Engineer I,16,0,,1
78,Rickey,McRobb,rmcrobb25@intel.com,Male,34,true,Czech Republic,Office Assistant I,11,0,,1
79,Kathlin,Treswell,ktreswell26@amazon.de,Female,39,true,Guam,Nuclear Power Engineer,23,1,Isuzu,0
80,Kennith,Arpe,karpe27@google.pl,Male,48,true,United States,Biostatistician I,17,0,,1
81,Justus,Beadnall,jbeadnall28@fastcompany.com,Male,20,false,Brazil,Nurse,12,0,,1
82,Avery,Petchell,apetchell29@friendfeed.com,Male,32,true,Indonesia,Senior Sales Associate,17,0,,1
83,Erna,Nelsen,enelsen2a@weebly.com,Female,41,false,France,Systems Administrator I,18,0,,1
84,Alard,Sale,asale2b@furl.net,Male,23,false,Czech Republic,Recruiter,14,1,Infiniti,0
85,Collen,Moulder,cmoulder2c@sun.com,Female,28,true,Indonesia,VP Sales,14,1,Chevrolet,0
86,Sampson,Bergeau,sbergeau2d@dell.com,Male,33,false,Colombia,Community Outreach Specialist,24,1,Mazda,1
87,Deanne,Overbury,doverbury2e@shinystat.com,Female,40,false,Ukraine,Information Systems Manager,16,1,Pontiac,0
88,Eartha,Lindbergh,elindbergh2f@phoca.cz,Female,46,true,Philippines,Structural Analysis Engineer,13,0,,1
89,Lizette,Boston,lboston2g@51.la,Female,20,true,China,Editor,12,1,Lexus,1
90,Kenon,Bastian,kbastian2h@ucoz.ru,Male,59,true,Peru,Automation Specialist II,19,0,,0
91,Pincas,Fiennes,pfiennes2i@edublogs.org,Male,20,false,Peru,Environmental Tech,9,1,Lotus,0
92,Ilaire,Biers,ibiers2j@mozilla.org,Male,31,false,China,Actuary,15,1,Cadillac,1
93,Evey,Botger,ebotger2k@washington.edu,Female,44,true,Philippines,Financial Analyst,16,0,,1
94,Wendie,Kuhnert,wkuhnert2l@pcworld.com,Female,20,false,Indonesia,Web Designer II,14,1,GMC,0
95,Ody,Bushrod,obushrod2m@unc.edu,Male,39,false,Japan,Financial Advisor,17,1,Hyundai,1
96,Townsend,Warboys,twarboys2n@foxnews.com,Male,31,true,Armenia,Quality Control Specialist,13,1,Honda,0
97,Rich,Hullot,rhullot2o@studiopress.com,Male,37,true,Tanzania,Paralegal,15,0,,1
98,Ferguson,Giggie,fgiggie2p@cocolog-nifty.com,Bigender,20,false,Mongolia,Information Systems Manager,15,1,Mitsubishi,0
99,Stearn,Ahrenius,sahrenius2q@etsy.com,Male,21,true,Indonesia,Cost Accountant,21,0,,0
100,Kissiah,Summerside,ksummerside2r@eventbrite.com,Genderfluid,37,true,Russia,Recruiting Manager,23,1,Chevrolet,0
101,Chip,Magor,cmagor2s@biblegateway.com,Male,37,true,Brazil,Clinical Specialist,23,0,,1
102,Marcy,Kelwick,mkelwick2t@bigcartel.com,Female,41,true,Estonia,Desktop Support Technician,11,1,Land Rover,1
103,Spense,Skeath,sskeath2u@domainmarket.com,Male,29,false,China,Senior Developer,13,1,BMW,1
104,Tootsie,Gingle,tgingle2v@fda.gov,Female,20,true,Jordan,VP Quality Control,21,0,,1
105,Ari,Flohard,aflohard2w@un.org,Male,38,true,China,Occupational Therapist,19,1,Oldsmobile,1
106,Francois,Oliveras,foliveras2x@chronoengine.com,Male,30,false,Yemen,Structural Analysis Engineer,15,1,Nissan,0
107,Maurine,Aggus,maggus2y@macromedia.com,Female,20,false,Russia,Database Administrator II,18,1,Ford,0
108,Adel,Doogue,adoogue2z@indiegogo.com,Female,30,false,Egypt,Accounting Assistant IV,25,1,Nissan,0
109,Sal,Nassi,snassi30@eepurl.com,Female,62,false,Serbia,Social Worker,19,1,Mazda,0
110,Nickolas,Brokenshaw,nbrokenshaw31@xinhuanet.com,Male,44,true,Mexico,VP Accounting,20,0,,1
111,Finn,Gregoriou,fgregoriou32@vkontakte.ru,Male,23,true,Indonesia,Analyst Programmer,14,1,Lotus,0
112,Alix,Van der Velde,avandervelde33@studiopress.com,Male,36,true,Brazil,Social Worker,22,1,Mitsubishi,0
113,Wright,Lovett,wlovett34@examiner.com,Male,28,false,Portugal,Health Coach I,16,1,Porsche,0
114,Corly,Moodycliffe,cmoodycliffe35@shinystat.com,Female,36,true,Canada,VP Quality Control,18,0,,0
115,Henrieta,Handrek,hhandrek36@trellian.com,Female,42,true,Indonesia,Sales Associate,13,0,,0
116,Laughton,Sparry,lsparry37@quantcast.com,Male,49,true,Mexico,Design Engineer,13,1,Honda,0
117,Cedric,Spearman,cspearman38@google.ca,Male,30,true,Indonesia,Clinical Specialist,12,1,Dodge,0
118,Jodee,De Goey,jdegoey39@examiner.com,Female,43,false,China,Engineer III,18,1,Volkswagen,1
119,Theobald,Camden,tcamden3a@rambler.ru,Male,31,false,Ethiopia,VP Product Management,21,1,Toyota,1
120,Massimiliano,Trulock,mtrulock3b@live.com,Male,40,false,China,Database Administrator III,14,0,,0
121,Lynett,Orvis,lorvis3c@ning.com,Female,44,false,Palau,Developer III,12,1,Toyota,0
122,Tab,Hinchshaw,thinchshaw3d@reddit.com,Male,28,false,China,Software Consultant,20,0,,0
123,Travers,O'Murtagh,tomurtagh3e@bing.com,Male,27,true,Angola,Software Consultant,14,1,Hyundai,0
124,Marga,Mourant,mmourant3f@webeden.co.uk,Female,40,true,Ukraine,Senior Financial Analyst,17,1,Chevrolet,1
125,Sonja,Kemshell,skemshell3g@kickstarter.com,Genderqueer,51,true,Nigeria,Structural Engineer,13,1,Nissan,0
126,Carey,Woolliams,cwoolliams3h@wix.com,Female,49,true,Luxembourg,Office Assistant III,20,1,Buick,0
127,Archibaldo,Francesconi,afrancesconi3i@meetup.com,Male,20,true,Colombia,Web Designer III,14,1,Subaru,0
128,Frazer,Teligin,fteligin3j@phpbb.com,Male,37,true,Finland,Structural Analysis Engineer,13,0,,1
129,Jordan,Dripps,jdripps3k@t.co,Female,36,true,Cameroon,Staff Accountant IV,21,1,Dodge,0
130,Pattie,Bowich,pbowich3l@china.com.cn,Male,37,true,United States,VP Product Management,20,1,Buick,0
131,Sophronia,Owers,sowers3m@nifty.com,Female,35,true,China,Internal Auditor,16,0,,1
132,Clari,Notton,cnotton3n@kickstarter.com,Female,30,false,Indonesia,GIS Technical Architect,19,1,Ford,0
133,Hurleigh,Marcroft,hmarcroft3o@gravatar.com,Male,30,true,Benin,Financial Analyst,13,0,,0
134,Ali,Couldwell,acouldwell3p@oakley.com,Female,29,false,China,VP Product Management,17,0,,1
135,Cherise,Harrill,charrill3q@hp.com,Female,38,true,Indonesia,Nuclear Power Engineer,20,0,,0
136,Siegfried,Breem,sbreem3r@engadget.com,Male,33,true,Luxembourg,Assistant Media Planner,24,0,,0
137,Marie-ann,Romke,mromke3s@posterous.com,Female,48,true,Macedonia,Systems Administrator I,24,1,Acura,1
138,Townsend,Dumper,tdumper3t@nature.com,Male,41,false,Russia,Civil Engineer,12,0,,0
139,Alfy,Pashley,apashley3u@ft.com,Female,36,false,Russia,Professor,24,1,Dodge,1
140,Bartram,MacDermand,bmacdermand3v@twitter.com,Male,39,true,China,Physical Therapy Assistant,16,1,Buick,1
141,Bryn,Dulake,bdulake3w@merriam-webster.com,Male,48,true,France,Account Coordinator,19,0,,0
142,Natalee,Deroche,nderoche3x@scientificamerican.com,Female,28,true,Indonesia,Paralegal,13,1,Lamborghini,1
143,Jeff,Tape,jtape3y@freewebs.com,Male,31,false,China,Senior Developer,15,1,Oldsmobile,1
144,Sloane,Taffurelli,staffurelli3z@mediafire.com,Male,53,true,Macedonia,Editor,15,1,Mercedes-Benz,0
145,Cathrine,Fansy,cfansy40@chicagotribune.com,Female,20,false,China,Design Engineer,18,1,Pontiac,0
146,Charlie,Watsam,cwatsam41@kickstarter.com,Male,32,true,France,Sales Associate,18,0,,1
147,Smitty,Fontel,sfontel42@yellowbook.com,Male,38,false,China,Speech Pathologist,11,0,,1
148,Reade,Spofforth,rspofforth43@eventbrite.com,Male,36,true,Indonesia,Accounting Assistant IV,13,1,Ford,1
149,Amelie,Kirby,akirby44@yellowbook.com,Female,32,true,Portugal,Project Manager,15,0,,0
150,Flinn,Basilone,fbasilone45@china.com.cn,Male,45,false,Czech Republic,Nurse Practicioner,15,1,Maybach,0
151,Reamonn,Papis,rpapis46@google.fr,Male,40,true,Ukraine,General Manager,16,1,Kia,0
152,Chadd,Beadles,cbeadles47@google.pl,Male,31,false,Mexico,Sales Associate,16,1,GMC,1
153,Parry,Friedlos,pfriedlos48@bloglines.com,Genderqueer,51,false,Palau,Speech Pathologist,16,1,Toyota,0
154,Nanny,Dowsing,ndowsing49@yandex.ru,Genderfluid,34,false,Russia,Administrative Officer,18,1,Dodge,0
155,Danyelle,Laviss,dlaviss4a@github.io,Female,41,false,United States,Civil Engineer,20,1,Lexus,1
156,Alla,Winckworth,awinckworth4b@marketwatch.com,Genderfluid,28,false,China,Senior Sales Associate,17,1,Volkswagen,1
157,Darnall,Tabour,dtabour4c@usatoday.com,Male,33,true,China,Paralegal,15,1,Mitsubishi,0
158,Aldo,Muffitt,amuffitt4d@techcrunch.com,Male,28,true,France,Operator,22,1,Ford,0
159,Shirlene,Marsh,smarsh4e@noaa.gov,Female,44,true,Portugal,Analog Circuit Design manager,14,0,,1
160,Thadeus,Cockitt,tcockitt4f@e-recht24.de,Male,34,false,Indonesia,Senior Developer,19,1,GMC,1
161,Wolfie,Degenhardt,wdegenhardt4g@shareasale.com,Male,29,false,Russia,Editor,14,1,Chrysler,0
162,Saidee,Banker,sbanker4h@npr.org,Female,43,false,Croatia,Sales Representative,20,1,Mitsubishi,0
163,Jodie,Letcher,jletcher4i@thetimes.co.uk,Male,40,true,Poland,Recruiter,29,1,Honda,1
164,Eduard,Seint,eseint4j@ehow.com,Male,31,false,Peru,Senior Editor,19,1,Maserati,0
165,Allie,Eastmead,aeastmead4k@pbs.org,Male,38,false,Thailand,Mechanical Systems Engineer,24,0,,0
166,Dillie,Colliford,dcolliford4l@va.gov,Male,37,false,France,Analyst Programmer,19,0,,0
167,Willa,Mauditt,wmauditt4m@bizjournals.com,Female,24,false,Indonesia,Teacher,23,1,GMC,0
168,Hieronymus,Baddiley,hbaddiley4n@cmu.edu,Male,25,true,United States,Registered Nurse,9,1,Jaguar,0
169,Waylon,Duckerin,wduckerin4o@microsoft.com,Male,39,true,China,Product Engineer,17,0,,1
170,Gavin,Licciardi,glicciardi4p@dyndns.org,Male,23,false,Ecuador,Financial Advisor,23,1,Oldsmobile,0
171,Shelly,Abeles,sabeles4q@elpais.com,Female,29,false,Brazil,Quality Engineer,26,1,Subaru,1
172,Penn,Liverseege,pliverseege4r@sun.com,Male,51,true,China,Biostatistician IV,22,0,,0
173,Donella,Vel,dvel4s@icq.com,Female,36,false,Poland,Research Associate,13,1,Pontiac,0
174,Nevile,Wear,nwear4t@blogger.com,Male,37,false,France,Administrative Officer,9,1,Pontiac,0
175,Jedediah,Mongin,jmongin4u@ucsd.edu,Male,39,true,Croatia,Librarian,22,0,,1
176,Janene,Wyllt,jwyllt4v@google.ca,Female,26,true,France,Web Designer I,18,0,,0
177,Trish,Mowling,tmowling4w@goo.gl,Female,32,true,Philippines,Editor,19,0,,0
178,Avram,Belcham,abelcham4x@tmall.com,Male,38,false,Kazakhstan,Recruiting Manager,16,1,Audi,1
179,Sergeant,Elwel,selwel4y@gov.uk,Male,27,false,Russia,Data Coordiator,12,0,,0
180,Yovonnda,Hollier,yhollier4z@wikia.com,Female,35,true,China,Account Representative I,22,0,,0
181,Maegan,Stanmer,mstanmer50@unc.edu,Female,37,true,China,Occupational Therapist,21,1,Kia,0
182,Bernardina,Sign,bsign51@biblegateway.com,Female,26,false,Brazil,Occupational Therapist,17,1,Chevrolet,0
183,Benjie,Lowell,blowell52@bluehost.com,Male,39,true,Philippines,Tax Accountant,22,1,GMC,1
184,Humphrey,Tustin,htustin53@loc.gov,Male,32,false,France,Product Engineer,19,1,Aston Martin,0
185,Guthry,Tuley,gtuley54@hp.com,Male,20,true,China,Food Chemist,20,1,Porsche,0
186,Myrah,Lalley,mlalley55@cdc.gov,Female,47,true,United Kingdom,Occupational Therapist,20,1,Suzuki,1
187,Baillie,Saggs,bsaggs56@hao123.com,Male,54,false,Syria,Budget/Accounting Analyst I,13,1,Dodge,0
188,Birch,Shiell,bshiell57@forbes.com,Male,35,false,China,Chemical Engineer,27,1,Chevrolet,0
189,Lyell,Nertney,lnertney58@theguardian.com,Agender,37,true,China,VP Accounting,20,1,Nissan,0
190,Tansy,Greedyer,tgreedyer59@elegantthemes.com,Female,56,false,Philippines,Research Associate,18,0,,0
191,Alva,Cookney,acookney5a@surveymonkey.com,Male,50,true,Russia,Information Systems Manager,13,1,Volvo,0
192,Marcos,Giannassi,mgiannassi5b@tripod.com,Polygender,52,true,France,Research Assistant II,17,1,Dodge,0
193,Herc,Corps,hcorps5c@mapquest.com,Male,35,false,Armenia,Graphic Designer,15,1,Mercedes-Benz,1
194,Broderic,Tootell,btootell5d@symantec.com,Male,20,false,Brazil,Help Desk Operator,21,0,,0
195,Land,Minillo,lminillo5e@wunderground.com,Male,33,false,Russia,Nuclear Power Engineer,21,1,Alfa Romeo,1
196,Isabelita,Petrashkov,ipetrashkov5f@flickr.com,Female,42,true,Haiti,Food Chemist,14,1,Chevrolet,0
197,Derrik,Klageman,dklageman5g@people.com.cn,Male,43,false,Democratic Republic of the Congo,Staff Accountant IV,18,1,Chevrolet,0
198,Wilmer,Brimson,wbrimson5h@nytimes.com,Male,35,true,Indonesia,Programmer Analyst III,16,0,,1
199,Jere,Tall,jtall5i@reuters.com,Female,32,true,China,Quality Engineer,15,0,,0
200,Brannon,Monday,bmonday5j@photobucket.com,Male,29,true,Portugal,Product Engineer,29,1,Nissan,0
201,Marga,Murley,mmurley5k@sohu.com,Female,36,true,France,Help Desk Technician,17,1,Toyota,0
202,Anabal,Christophers,achristophers5l@ifeng.com,Female,30,false,Portugal,Recruiting Manager,16,1,Dodge,1
203,Elinor,Wooddisse,ewooddisse5m@usda.gov,Female,36,true,Canada,Legal Assistant,15,0,,0
204,Clarence,Cleugh,ccleugh5n@nifty.com,Male,21,true,Finland,Automation Specialist IV,22,1,Volkswagen,0
205,Carver,Neville,cneville5o@ycombinator.com,Male,56,true,Greece,Programmer Analyst II,20,1,Land Rover,1
206,Tuckie,Fishby,tfishby5p@yolasite.com,Male,51,true,Sweden,Office Assistant I,13,1,Ford,1
207,Dianemarie,McClosh,dmcclosh5q@nifty.com,Female,38,true,Pakistan,Marketing Manager,13,1,Ford,1
208,Hanni,O'Loghlen,hologhlen5r@chicagotribune.com,Female,49,true,Norway,Nurse Practicioner,22,1,Honda,1
209,Lorraine,Padilla,lpadilla5s@tinypic.com,Female,39,true,France,Administrative Assistant III,9,1,Chrysler,1
210,Orlan,Misson,omisson5t@nba.com,Male,40,true,United Kingdom,Programmer Analyst I,14,1,Volkswagen,1
211,Dominica,Coumbe,dcoumbe5u@theatlantic.com,Agender,38,false,Poland,Biostatistician I,17,0,,0
212,Mac,Filippi,mfilippi5v@bloglines.com,Male,39,true,United States,Marketing Manager,26,1,Lotus,0
213,Germain,Spacie,gspacie5w@pinterest.com,Genderqueer,27,false,France,Software Consultant,24,1,Lexus,0
214,Zena,Domenichini,zdomenichini5x@bloomberg.com,Female,34,false,Indonesia,Compensation Analyst,12,0,,1
215,Olav,Prando,oprando5y@etsy.com,Male,67,false,China,Health Coach IV,17,0,,1
216,Emmery,Sapseed,esapseed5z@prweb.com,Male,30,false,Argentina,Editor,22,1,Lincoln,0
217,Rosemaria,Priddie,rpriddie60@theguardian.com,Female,48,false,Tajikistan,Senior Developer,19,0,,1
218,Deanna,Shower,dshower61@cisco.com,Female,27,false,Brazil,Mechanical Systems Engineer,16,1,Isuzu,0
219,Devland,Manon,dmanon62@elpais.com,Male,38,false,Poland,Administrative Officer,12,1,Lincoln,0
220,Cob,Lawty,clawty63@google.ca,Male,55,false,Ethiopia,Editor,25,1,Mercedes-Benz,0
221,Enrique,Jackett,ejackett64@goodreads.com,Male,48,true,Panama,General Manager,16,1,Toyota,1
222,Rory,Hearley,rhearley65@nature.com,Female,60,true,Indonesia,Staff Accountant II,17,1,Dodge,0
223,Whit,Flatt,wflatt66@bbb.org,Male,20,false,Indonesia,Business Systems Development Analyst,18,1,Nissan,0
224,Mark,Scollan,mscollan67@ning.com,Male,46,true,Russia,Internal Auditor,14,0,,1
225,Marchall,Potzold,mpotzold68@livejournal.com,Male,39,false,Indonesia,Programmer Analyst II,16,1,Mercedes-Benz,1
226,Cele,Fantin,cfantin69@tumblr.com,Female,41,true,Sierra Leone,Professor,17,1,Buick,0
227,Neddy,Robinette,nrobinette6a@smugmug.com,Male,53,false,Switzerland,Actuary,25,1,Lincoln,0
228,Kellina,Placstone,kplacstone6b@multiply.com,Female,33,false,Qatar,Accountant III,15,0,,0
229,Therese,Woodyeare,twoodyeare6c@dot.gov,Female,26,false,United States,Software Engineer I,13,1,Ford,0
230,Winthrop,Pepon,wpepon6d@nationalgeographic.com,Male,34,false,Portugal,Developer II,18,1,Mercedes-Benz,0
231,Jessie,Currier,jcurrier6e@census.gov,Male,29,true,Philippines,Research Assistant III,16,1,Mercury,1
232,Janeen,Benoix,jbenoix6f@apache.org,Female,42,false,Thailand,Marketing Assistant,17,1,Acura,1
233,Frazer,Sumpton,fsumpton6g@t-online.de,Male,49,false,Mali,Health Coach III,14,1,Pontiac,0
234,Kaycee,Druery,kdruery6h@google.cn,Female,30,false,Brazil,Engineer IV,20,1,Ford,0
235,Amalia,Hubach,ahubach6i@mtv.com,Female,31,false,France,Desktop Support Technician,21,1,Ford,0
236,Amil,Jacqueme,ajacqueme6j@slashdot.org,Female,31,true,China,Nuclear Power Engineer,22,1,Ford,1
237,Forester,Spence,fspence6k@pagesperso-orange.fr,Male,24,false,China,Administrative Officer,17,1,Ford,0
238,Lorita,Peyntue,lpeyntue6l@wp.com,Female,21,true,China,Payment Adjustment Coordinator,11,1,Mazda,0
239,Morlee,Lyttle,mlyttle6m@psu.edu,Male,38,true,Philippines,Graphic Designer,18,0,,0
240,Caro,Placido,cplacido6n@telegraph.co.uk,Female,33,false,Indonesia,Senior Developer,15,1,Suzuki,1
241,Andrei,Gerleit,agerleit6o@list-manage.com,Female,50,true,Sweden,Human Resources Manager,16,1,BMW,0
242,Cyrillus,Farahar,cfarahar6p@intel.com,Male,37,false,Peru,Environmental Specialist,23,1,Suzuki,0
243,Wade,Gehring,wgehring6q@nsw.gov.au,Male,46,true,Poland,Quality Engineer,9,1,Nissan,0
244,Homere,Saphin,hsaphin6r@webmd.com,Male,31,false,Sweden,Data Coordiator,18,1,Chevrolet,1
245,June,Frodsam,jfrodsam6s@craigslist.org,Bigender,31,true,Costa Rica,Librarian,23,0,,0
246,Danika,Garlicke,dgarlicke6t@sina.com.cn,Non-binary,52,true,Nigeria,VP Marketing,15,0,,0
247,Nester,Swatton,nswatton6u@jimdo.com,Male,33,true,Peru,Web Designer IV,17,0,,0
248,Stephen,Rosendall,srosendall6v@mapquest.com,Male,37,true,Estonia,Structural Engineer,15,0,,1
249,Udall,Cadle,ucadle6w@google.co.uk,Male,30,true,Philippines,Automation Specialist IV,18,1,Ford,0
250,Hurley,Felten,hfelten6x@engadget.com,Male,30,false,Indonesia,Operator,11,1,Dodge,0
251,Galen,Catcheside,gcatcheside6y@vkontakte.ru,Male,50,true,Ukraine,Help Desk Operator,15,1,Lincoln,0
252,Susie,Jachtym,sjachtym6z@answers.com,Female,21,true,China,Payment Adjustment Coordinator,18,1,Toyota,0
253,Elfrieda,McCartan,emccartan70@eepurl.com,Female,36,true,Russia,Sales Associate,20,1,Pontiac,0
254,Jocelyn,Rawsthorne,jrawsthorne71@latimes.com,Female,23,true,China,Design Engineer,18,1,Ford,1
255,Dorisa,Bussen,dbussen72@ihg.com,Female,44,false,Zambia,Biostatistician III,16,1,Alfa Romeo,1
256,Rosalinde,Kocher,rkocher73@sogou.com,Female,47,false,Brazil,Assistant Professor,17,0,,0
257,Emlynn,Rammell,erammell74@elpais.com,Female,20,false,Thailand,Senior Financial Analyst,20,1,Volkswagen,0
258,Olivier,Dirkin,odirkin75@virginia.edu,Male,47,true,China,Registered Nurse,14,1,Dodge,1
259,Guinna,Verma,gverma76@cam.ac.uk,Female,30,true,Japan,Sales Representative,22,1,BMW,1
260,Roberta,Attwool,rattwool77@sciencedirect.com,Female,44,false,Mexico,Nurse,19,0,,0
261,Sol,Fayers,sfayers78@dmoz.org,Male,20,false,Thailand,Analyst Programmer,18,1,Chevrolet,1
262,Dix,Berney,dberney79@hostgator.com,Female,28,true,Norway,Environmental Tech,15,1,Ford,1
263,Ruby,Grimsditch,rgrimsditch7a@studiopress.com,Male,28,true,Venezuela,Analog Circuit Design manager,20,1,Infiniti,1
264,Editha,Swainson,eswainson7b@wsj.com,Female,38,false,Philippines,Nurse Practicioner,19,1,Nissan,0
265,Sander,Rainton,srainton7c@thetimes.co.uk,Male,34,false,China,Data Coordiator,16,1,Chevrolet,0
266,Bearnard,Sergison,bsergison7d@usnews.com,Male,31,true,United States,Electrical Engineer,19,1,Mitsubishi,0
267,Ondrea,Briiginshaw,obriiginshaw7e@bravesites.com,Female,34,true,Bosnia and Herzegovina,Help Desk Technician,15,1,Audi,1
268,Emanuele,Measor,emeasor7f@yahoo.co.jp,Male,26,true,Peru,Paralegal,18,1,Ford,1
269,Marthe,Ghest,mghest7g@cbc.ca,Female,67,false,Indonesia,Budget/Accounting Analyst IV,12,1,Lexus,0
270,Verena,McAster,vmcaster7h@prnewswire.com,Female,41,true,France,Analyst Programmer,18,1,Ford,0
271,Jeane,Winterbottom,jwinterbottom7i@arstechnica.com,Female,27,false,China,Human Resources Manager,22,1,Ford,1
272,Hermione,Odger,hodger7j@nba.com,Female,26,false,Bolivia,Nurse,27,1,GMC,0
273,Izabel,Stuffins,istuffins7k@yelp.com,Female,29,true,Finland,Dental Hygienist,16,1,Dodge,0
274,Reginauld,Churchman,rchurchman7l@china.com.cn,Male,31,false,Brazil,Software Engineer II,23,1,Dodge,0
275,Tarra,Flippini,tflippini7m@taobao.com,Female,41,false,Sweden,Nurse Practicioner,18,1,GMC,1
276,Lin,Brose,lbrose7n@usgs.gov,Female,32,true,Iran,Speech Pathologist,17,0,,1
277,Jasper,Lehmann,jlehmann7o@dion.ne.jp,Male,43,true,China,Engineer IV,17,0,,0
278,Issie,Patrick,ipatrick7p@pbs.org,Female,41,false,China,Senior Developer,21,1,Dodge,1
279,Nolana,Perfili,nperfili7q@census.gov,Female,51,false,Bolivia,Administrative Assistant I,24,1,Land Rover,1
280,Ashly,Zupone,azupone7r@wiley.com,Female,39,true,China,Analog Circuit Design manager,22,1,Dodge,0
281,Bessy,Rodger,brodger7s@time.com,Female,25,false,Peru,VP Accounting,15,1,Jaguar,0
282,Eustace,Foulgham,efoulgham7t@csmonitor.com,Male,24,false,China,Teacher,18,0,,0
283,Illa,McCrillis,imccrillis7u@oracle.com,Female,23,false,China,Electrical Engineer,21,0,,1
284,Caesar,Menilove,cmenilove7v@wikia.com,Male,20,true,China,Senior Financial Analyst,15,1,BMW,1
285,Sonni,Milillo,smilillo7w@ameblo.jp,Female,37,true,China,Developer IV,25,1,Cadillac,0
286,Tresa,McEntagart,tmcentagart7x@reddit.com,Female,34,true,Vietnam,Editor,17,0,,1
287,Adrienne,Broggio,abroggio7y@t-online.de,Female,41,false,Indonesia,Tax Accountant,19,1,GMC,0
288,Lavinie,Hebblewhite,lhebblewhite7z@wix.com,Female,21,false,China,Senior Cost Accountant,12,0,,1
289,Dirk,Cogar,dcogar80@addthis.com,Male,34,true,China,Budget/Accounting Analyst III,21,1,Mercedes-Benz,0
290,Town,Avramovitz,tavramovitz81@microsoft.com,Male,26,false,Indonesia,Quality Control Specialist,19,1,Audi,0
291,Maritsa,Smithers,msmithers82@exblog.jp,Female,47,false,Finland,Food Chemist,17,0,,0
292,Budd,Boakes,bboakes83@reverbnation.com,Male,51,true,Djibouti,Help Desk Technician,15,0,,0
293,Mickie,Waszkiewicz,mwaszkiewicz84@go.com,Male,30,true,Colombia,Marketing Manager,16,0,,0
294,Yorke,Regelous,yregelous85@blogtalkradio.com,Male,32,false,China,Marketing Assistant,19,1,Ford,1
295,Rey,Belson,rbelson86@businessinsider.com,Male,40,false,Philippines,Senior Developer,23,1,Mitsubishi,0
296,Fanya,Giacobelli,fgiacobelli87@istockphoto.com,Female,33,false,China,Web Developer I,14,1,Lincoln,0
297,Silvain,Monteith,smonteith88@example.com,Male,38,true,Togo,Editor,19,1,Mitsubishi,0
298,Rozanna,Oliphard,roliphard89@time.com,Female,50,false,China,Software Test Engineer IV,24,1,Chevrolet,0
299,Stephanus,Tinklin,stinklin8a@rambler.ru,Male,22,true,Germany,Database Administrator IV,13,0,,0
300,Rodney,Kilpatrick,rkilpatrick8b@seattletimes.com,Male,50,true,China,VP Sales,17,1,Nissan,1
301,Margery,Colvie,mcolvie8c@cnn.com,Female,37,false,Syria,Associate Professor,14,1,Lincoln,1
302,Ivette,Gillivrie,igillivrie8d@reddit.com,Female,20,false,China,Compensation Analyst,13,0,,0
303,Michele,Axelby,maxelby8e@com.com,Female,32,false,Sweden,Research Associate,19,1,Acura,0
304,Luz,MacTerlagh,lmacterlagh8f@time.com,Non-binary,36,true,Portugal,Financial Advisor,20,1,Acura,0
305,Edgar,Pyburn,epyburn8g@is.gd,Male,40,false,Indonesia,Office Assistant IV,22,0,,0
306,Townie,Collihole,tcollihole8h@mit.edu,Male,64,false,Russia,Editor,23,1,Ford,0
307,Ker,Rainer,krainer8i@jiathis.com,Male,28,false,Sudan,Staff Accountant III,20,1,Buick,0
308,Saundra,Cahani,scahani8j@jigsy.com,Male,32,true,China,Senior Quality Engineer,16,0,,1
309,Lena,Glander,lglander8k@google.pl,Female,46,false,Indonesia,Nuclear Power Engineer,22,0,,1
310,Bruis,Ringwood,bringwood8l@smh.com.au,Male,33,false,China,Budget/Accounting Analyst I,17,1,Mercedes-Benz,0
311,Ileane,Robjents,irobjents8m@yolasite.com,Female,27,true,Madagascar,Clinical Specialist,13,1,Ford,0
312,Alastair,Deniskevich,adeniskevich8n@chron.com,Male,34,true,Georgia,Geologist II,27,0,,0
313,Stephana,Olford,solford8o@irs.gov,Female,32,true,Indonesia,Health Coach II,16,0,,1
314,Gideon,MacCarrane,gmaccarrane8p@jiathis.com,Male,30,true,Russia,Structural Analysis Engineer,17,1,Hyundai,0
315,Cordell,Storks,cstorks8q@businesswire.com,Male,21,false,China,Senior Cost Accountant,17,1,Toyota,0
316,Gladi,Helsby,ghelsby8r@imageshack.us,Female,39,false,Russia,Librarian,11,1,Honda,0
317,Kennett,Kiessel,kkiessel8s@artisteer.com,Non-binary,44,false,Indonesia,Account Coordinator,26,1,Lamborghini,1
318,Malissa,Januszewicz,mjanuszewicz8t@google.de,Female,25,false,Serbia,Administrative Officer,11,0,,0
319,Jyoti,Danovich,jdanovich8u@dailymail.co.uk,Female,39,false,Russia,Recruiting Manager,12,1,Pontiac,0
320,Kerrill,Doll,kdoll8v@mac.com,Female,41,false,Pakistan,Programmer Analyst I,22,1,GMC,1
321,Talia,McCroary,tmccroary8w@japanpost.jp,Female,21,false,Ghana,Community Outreach Specialist,17,0,,0
322,Berkie,de Nore,bdenore8x@google.com.br,Male,29,true,Bosnia and Herzegovina,Analog Circuit Design manager,9,1,Daewoo,1
323,Blanca,De Vile,bdevile8y@reference.com,Female,36,true,Philippines,Developer III,20,1,Suzuki,0
324,Audie,Harwick,aharwick8z@comcast.net,Female,33,true,Estonia,Engineer II,11,1,Rolls-Royce,1
325,Leslie,Trahear,ltrahear90@chicagotribune.com,Female,46,false,Bangladesh,Physical Therapy Assistant,12,1,Lexus,1
326,Karia,Dockrey,kdockrey91@stanford.edu,Polygender,31,true,France,Database Administrator II,15,1,Chevrolet,0
327,Seth,Capper,scapper92@imdb.com,Male,45,true,Indonesia,Marketing Assistant,13,1,Toyota,1
328,Amble,Grizard,agrizard93@about.me,Male,24,false,Mexico,Senior Developer,16,0,,0
329,Olwen,Hawkslee,ohawkslee94@google.es,Female,52,false,Armenia,Teacher,23,1,Mercedes-Benz,0
330,Veda,Carnilian,vcarnilian95@woothemes.com,Female,24,true,Finland,Librarian,13,1,Dodge,1
331,Bink,Catanheira,bcatanheira96@themeforest.net,Male,23,true,Philippines,Marketing Assistant,16,1,Mitsubishi,0
332,Elias,Cownden,ecownden97@nymag.com,Male,29,false,Colombia,Budget/Accounting Analyst I,18,1,Cadillac,1
333,Moses,Dymidowski,mdymidowski98@godaddy.com,Male,42,true,Poland,Payment Adjustment Coordinator,13,1,Pontiac,1
334,Bartholomew,Hardistry,bhardistry99@amazon.co.uk,Male,49,false,Russia,Project Manager,14,0,,1
335,Rhiamon,Cattonnet,rcattonnet9a@vkontakte.ru,Female,48,false,China,Recruiter,15,1,Ford,0
336,Fleurette,Cansdall,fcansdall9b@instagram.com,Female,30,false,Poland,Editor,18,0,,0
337,Pavel,Perrins,pperrins9c@bluehost.com,Male,34,true,North Korea,Nuclear Power Engineer,21,1,Aston Martin,1
338,Althea,Ziebart,aziebart9d@yelp.com,Female,33,false,Costa Rica,Geological Engineer,10,0,,0
339,Moore,Moulsdall,mmoulsdall9e@ustream.tv,Male,30,false,Morocco,Programmer Analyst III,14,0,,0
340,Ulrick,Duferie,uduferie9f@google.pl,Male,38,true,Japan,Account Representative I,15,0,,1
341,Jarrett,Askie,jaskie9g@tripadvisor.com,Non-binary,36,false,Ireland,Executive Secretary,15,1,Subaru,0
342,April,Hayle,ahayle9h@microsoft.com,Female,29,true,Philippines,Director of Sales,16,0,,0
343,Augusto,Renn,arenn9i@live.com,Male,26,true,China,Account Executive,22,1,Lamborghini,1
344,Fernande,Hillburn,fhillburn9j@fema.gov,Female,34,false,Ukraine,Clinical Specialist,18,1,Ford,0
345,Mary,Pleven,mpleven9k@google.fr,Female,20,false,United Kingdom,Developer I,16,1,Lexus,1
346,Georgena,Puller,gpuller9l@amazon.co.uk,Female,23,true,Ukraine,Accounting Assistant I,17,1,BMW,1
347,Sheila-kathryn,Caccavella,scaccavella9m@theglobeandmail.com,Female,39,true,Colombia,Statistician II,13,1,Oldsmobile,1
348,Easter,Nazair,enazair9n@posterous.com,Bigender,48,true,Indonesia,Desktop Support Technician,18,1,Audi,0
349,Lyle,Kirvell,lkirvell9o@state.tx.us,Male,44,false,Brazil,Nurse Practicioner,13,1,Mazda,1
350,Tine,Chidzoy,tchidzoy9p@zimbio.com,Female,41,true,Philippines,Recruiter,14,1,Mercury,0
351,Teddi,Branton,tbranton9q@posterous.com,Female,33,false,New Zealand,Health Coach IV,12,1,GMC,1
352,Halie,Salt,hsalt9r@lycos.com,Female,50,true,Russia,Pharmacist,15,1,Subaru,0
353,Paige,Worsall,pworsall9s@dagondesign.com,Male,42,true,Yemen,Software Engineer II,15,1,Suzuki,0
354,Sheppard,Jouannot,sjouannot9t@paginegialle.it,Male,33,true,Indonesia,VP Quality Control,17,1,Chevrolet,0
355,Darelle,McConnell,dmcconnell9u@privacy.gov.au,Female,31,false,Sri Lanka,General Manager,23,1,Chrysler,0
356,Tony,Camis,tcamis9v@etsy.com,Male,34,false,Poland,Developer I,18,1,Chevrolet,1
357,Hilliary,Sidry,hsidry9w@china.com.cn,Female,47,false,France,Biostatistician I,19,0,,1
358,Hallie,Simoneau,hsimoneau9x@macromedia.com,Female,20,true,Indonesia,Analog Circuit Design manager,16,0,,0
359,Morlee,Foden,mfoden9y@smh.com.au,Male,36,true,Pakistan,Legal Assistant,14,1,Chevrolet,0
360,Goldie,Ashlin,gashlin9z@discovery.com,Female,49,false,Tanzania,Cost Accountant,18,1,Volkswagen,0
361,Giuseppe,Hamsley,ghamsleya0@amazon.com,Male,43,true,Malaysia,Speech Pathologist,19,0,,0
362,Ferdinand,Scholig,fscholiga1@soup.io,Male,45,true,Portugal,Senior Developer,14,1,Land Rover,1
363,Lanna,Lissemore,llissemorea2@meetup.com,Non-binary,53,true,Indonesia,Programmer Analyst II,16,1,Mercury,1
364,Sofia,Ferrao,sferraoa3@un.org,Polygender,31,true,Brazil,Civil Engineer,15,0,,1
365,Walt,Atter,wattera4@europa.eu,Male,24,true,Brazil,Graphic Designer,18,0,,0
366,Maggie,Grassin,mgrassina5@tripod.com,Female,38,false,Indonesia,Human Resources Manager,22,1,Cadillac,0
367,Ali,Scates,ascatesa6@utexas.edu,Genderqueer,46,false,Canada,Help Desk Operator,19,1,Porsche,1
368,Bartholemy,Kneel,bkneela7@state.gov,Male,42,false,China,Biostatistician III,19,1,BMW,0
369,Almeta,Stobbes,astobbesa8@ovh.net,Female,39,true,Albania,Software Test Engineer IV,18,0,,0
370,Carling,Wimbush,cwimbusha9@admin.ch,Male,27,true,Ethiopia,VP Product Management,18,0,,0
371,Susette,Figures,sfiguresaa@soup.io,Female,31,true,France,Librarian,11,0,,0
372,Philipa,Soame,psoameab@google.ru,Female,41,true,Poland,Recruiter,12,1,Mitsubishi,1
373,Husain,OIlier,hoilierac@usnews.com,Male,30,false,Dominican Republic,Physical Therapy Assistant,17,1,Jeep,0
374,Helene,Annis,hannisad@howstuffworks.com,Female,40,true,Costa Rica,Data Coordiator,17,0,,0
375,Dermot,Coulton,dcoultonae@pagesperso-orange.fr,Male,34,false,Japan,Analog Circuit Design manager,13,1,Chevrolet,1
376,Gene,Dallow,gdallowaf@ucla.edu,Male,32,true,Ukraine,Engineer I,20,1,Geo,1
377,Elsey,Doige,edoigeag@eepurl.com,Female,40,false,Nigeria,General Manager,16,0,,1
378,Ingamar,Kalinke,ikalinkeah@histats.com,Male,40,false,Russia,Community Outreach Specialist,10,1,GMC,0
379,Godart,Prendergast,gprendergastai@smh.com.au,Male,38,true,Indonesia,Product Engineer,19,0,,0
380,Alfredo,Tissier,atissieraj@youku.com,Male,40,false,Finland,Senior Developer,15,1,Lincoln,0
381,Terrance,Robertot,trobertotak@goo.gl,Male,34,true,Mexico,Research Nurse,13,1,Honda,1
382,Gearard,Rought,groughtal@miibeian.gov.cn,Male,40,true,Brazil,Assistant Media Planner,8,1,Cadillac,0
383,Herbert,Athersmith,hathersmitham@sogou.com,Male,53,false,Philippines,Assistant Professor,20,1,Buick,1
384,Tobit,Jackes,tjackesan@flavors.me,Male,30,true,Indonesia,Recruiter,26,1,Chevrolet,0
385,Bancroft,Herion,bherionao@usgs.gov,Male,43,false,Ukraine,Health Coach III,16,1,Volvo,0
386,Adrianne,Fursey,afurseyap@dailymotion.com,Female,37,false,Poland,Geological Engineer,24,1,Pontiac,0
387,Garald,Mont,gmontaq@fema.gov,Male,33,true,France,Teacher,12,0,,0
388,Gabriellia,McGarrity,gmcgarrityar@nydailynews.com,Female,41,false,Austria,Financial Analyst,19,1,Porsche,1
389,Milzie,Chinnock,mchinnockas@twitter.com,Female,36,true,Guinea,Administrative Assistant III,24,0,,1
390,Kandy,Keegan,kkeeganat@epa.gov,Female,43,false,Brazil,Analog Circuit Design manager,17,0,,1
391,Katharyn,Kimpton,kkimptonau@china.com.cn,Female,42,false,China,VP Sales,17,1,Acura,0
392,Conant,Skeel,cskeelav@mozilla.org,Male,44,false,China,Cost Accountant,21,1,Lexus,1
393,Amos,Wallace,awallaceaw@samsung.com,Male,29,true,Japan,Computer Systems Analyst III,11,1,Lexus,1
394,Austina,Kellie,akellieax@amazon.de,Female,35,false,Poland,Biostatistician II,23,1,Oldsmobile,1
395,Geneva,Falkus,gfalkusay@twitter.com,Female,27,false,Norway,Biostatistician III,16,0,,1
396,Malory,Becker,mbeckeraz@ucsd.edu,Female,41,false,China,Administrative Assistant II,17,1,BMW,1
397,Tabby,Ruste,trusteb0@businessweek.com,Male,29,false,Nigeria,Teacher,14,1,Honda,0
398,Evelyn,Hurling,ehurlingb1@twitpic.com,Male,34,false,Thailand,Physical Therapy Assistant,10,0,,0
399,Rosabelle,Desantis,rdesantisb2@blogs.com,Genderqueer,51,true,Poland,Financial Analyst,22,0,,1
400,Katharina,Woollett,kwoollettb3@typepad.com,Female,20,true,Ireland,Product Engineer,21,0,,1
401,Karlene,Gwyer,kgwyerb4@wp.com,Female,44,false,Philippines,Budget/Accounting Analyst II,20,1,Lexus,0
402,Tomas,Kliemchen,tkliemchenb5@va.gov,Male,20,true,Russia,Software Engineer I,11,1,Infiniti,1
403,Kimberlyn,Stode,kstodeb6@1und1.de,Female,42,false,Indonesia,Programmer IV,19,0,,1
404,Pamela,Whitley,pwhitleyb7@163.com,Female,25,true,Poland,Nurse Practicioner,10,1,Chevrolet,1
405,Wolfie,Sclater,wsclaterb8@multiply.com,Male,38,false,Philippines,Programmer Analyst IV,13,1,Mitsubishi,0
406,Nerti,L'Amie,nlamieb9@phoca.cz,Female,29,true,Czech Republic,Occupational Therapist,16,1,Mazda,0
407,Benyamin,Gladdin,bgladdinba@php.net,Male,38,true,China,Research Associate,11,1,Hummer,0
408,Jaime,Loughrey,jloughreybb@bbb.org,Female,20,false,Slovenia,Research Associate,20,1,GMC,0
409,Dene,Authers,dauthersbc@pagesperso-orange.fr,Male,22,false,Philippines,Biostatistician IV,15,1,Dodge,1
410,Almire,Daile,adailebd@surveymonkey.com,Female,51,false,Indonesia,Clinical Specialist,14,1,Dodge,0
411,Truda,Forge,tforgebe@hatena.ne.jp,Female,30,true,France,VP Product Management,19,1,Honda,0
412,Nert,Ummfrey,nummfreybf@prnewswire.com,Female,34,false,Philippines,Health Coach II,26,1,Audi,0
413,Enrika,Dall,edallbg@webmd.com,Female,24,true,China,Computer Systems Analyst II,15,1,Mazda,1
414,Lay,Bullier,lbullierbh@lycos.com,Male,35,true,China,Community Outreach Specialist,15,0,,1
415,Sib,Wiggam,swiggambi@alibaba.com,Female,36,false,Sweden,Assistant Manager,20,0,,0
416,Brendon,Tod,btodbj@sun.com,Male,21,false,Armenia,Assistant Manager,21,1,Mercedes-Benz,0
417,Rea,Ablott,rablottbk@bloglovin.com,Female,25,false,Sweden,Senior Developer,21,1,Audi,0
418,Allen,Crocroft,acrocroftbl@nbcnews.com,Male,53,true,Brazil,Editor,12,1,Hyundai,1
419,Christoforo,Dockery,cdockerybm@ibm.com,Male,28,true,Nigeria,Information Systems Manager,19,1,Volvo,0
420,Stan,Fancy,sfancybn@walmart.com,Male,25,true,Indonesia,Quality Control Specialist,13,0,,1
421,Natassia,Rissen,nrissenbo@feedburner.com,Female,45,true,Portugal,Professor,17,1,Suzuki,1
422,Germain,Kemet,gkemetbp@parallels.com,Male,36,false,Indonesia,Civil Engineer,20,0,,0
423,Torr,Casolla,tcasollabq@baidu.com,Male,40,false,Australia,Community Outreach Specialist,19,1,Toyota,0
424,Glad,Gimblett,ggimblettbr@quantcast.com,Female,37,false,Indonesia,Editor,16,1,Toyota,0
425,Shae,Braker,sbrakerbs@fema.gov,Female,39,true,Czech Republic,Health Coach III,15,1,Hyundai,0
426,Orella,Boone,oboonebt@ehow.com,Female,30,true,China,Automation Specialist III,18,1,Ford,0
427,Keeley,Spoward,kspowardbu@myspace.com,Female,34,false,Finland,Financial Analyst,21,1,Isuzu,1
428,Amery,Harriott,aharriottbv@howstuffworks.com,Male,21,false,South Sudan,Pharmacist,15,1,Mazda,0
429,Torry,Sussems,tsussemsbw@earthlink.net,Male,39,false,Mauritius,Project Manager,20,1,Land Rover,0
430,Myer,Shaw,mshawbx@chronoengine.com,Male,39,true,China,Senior Quality Engineer,13,1,GMC,0
431,Jaye,Dunseath,jdunseathby@icio.us,Male,35,false,Portugal,Nuclear Power Engineer,18,1,Dodge,1
432,Celie,Talby,ctalbybz@ft.com,Female,32,true,China,Cost Accountant,18,1,Suzuki,0
433,Avrit,Rozenzweig,arozenzweigc0@zdnet.com,Female,38,false,Syria,Environmental Tech,16,1,Mazda,1
434,Nathanial,Aland,nalandc1@vkontakte.ru,Male,24,false,Zimbabwe,Structural Engineer,19,1,BMW,1
435,Alvy,Bazire,abazirec2@domainmarket.com,Male,48,true,Indonesia,Assistant Media Planner,19,1,Buick,1
436,Kyle,Lorrain,klorrainc3@archive.org,Male,40,true,Portugal,Financial Advisor,17,0,,0
437,Gerhardt,Beecroft,gbeecroftc4@google.com,Male,35,false,Russia,Account Executive,19,1,Chrysler,0
438,Carolyne,Nazareth,cnazarethc5@intel.com,Polygender,34,false,Philippines,Safety Technician IV,17,1,Mitsubishi,0
439,Payton,Tucker,ptuckerc6@dailymail.co.uk,Male,35,false,Argentina,Nurse,18,1,Saab,1
440,Allin,De Atta,adeattac7@amazon.de,Genderqueer,26,false,Poland,Nurse Practicioner,15,0,,0
441,Gamaliel,Sadler,gsadlerc8@photobucket.com,Male,50,false,Croatia,Automation Specialist I,11,0,,1
442,Dexter,Kirkup,dkirkupc9@icq.com,Male,36,false,Philippines,Legal Assistant,24,1,Nissan,0
443,Daron,Biaggiotti,dbiaggiottica@zdnet.com,Female,44,true,China,Senior Editor,17,1,Pontiac,0
444,Brit,Eilles,beillescb@yahoo.com,Genderfluid,20,false,Colombia,VP Accounting,18,0,,1
445,Graig,Tilby,gtilbycc@toplist.cz,Male,32,false,Vietnam,Librarian,16,0,,0
446,Moreen,Heindrich,mheindrichcd@ihg.com,Female,35,false,France,Pharmacist,17,0,,1
447,Jedd,Khan,jkhance@google.de,Male,40,true,Croatia,Account Representative II,18,0,,1
448,Whitman,Kinglesyd,wkinglesydcf@soundcloud.com,Male,48,false,Argentina,GIS Technical Architect,20,1,Jeep,0
449,Helga,Karby,hkarbycg@bravesites.com,Female,50,true,Mongolia,Developer II,19,1,BMW,0
450,Ted,Drakes,tdrakesch@guardian.co.uk,Female,27,true,China,Information Systems Manager,24,1,Chrysler,0
451,Moria,Winders,mwindersci@webnode.com,Female,52,false,Brazil,Account Representative I,15,0,,0
452,Mitchell,Flay,mflaycj@csmonitor.com,Polygender,35,false,China,Account Representative III,17,1,Jaguar,1
453,Van,Giorgio,vgiorgiock@php.net,Female,20,true,Argentina,Internal Auditor,17,1,Mercury,0
454,Munroe,Giggs,mgiggscl@discovery.com,Genderfluid,30,true,France,Geologist IV,13,0,,0
455,Brigitte,Easen,beasencm@ebay.com,Female,20,false,Croatia,Project Manager,17,1,Toyota,1
456,Osborne,Farny,ofarnycn@freewebs.com,Male,39,false,Philippines,Web Developer II,12,1,Pontiac,1
457,Kimmy,Hearson,khearsonco@nyu.edu,Female,30,true,Indonesia,VP Sales,12,1,BMW,1
458,Shaina,Crim,scrimcp@aol.com,Female,45,false,Indonesia,Quality Engineer,12,0,,0
459,Sisely,Tschirasche,stschiraschecq@cafepress.com,Genderqueer,48,true,China,Senior Financial Analyst,26,0,,1
460,Helaine,Petrazzi,hpetrazzicr@lulu.com,Female,25,true,Sweden,Mechanical Systems Engineer,20,1,Toyota,0
461,Bryna,Trusler,btruslercs@domainmarket.com,Female,44,true,Philippines,Structural Analysis Engineer,17,1,Porsche,0
462,Dare,Knappen,dknappenct@archive.org,Male,27,false,Venezuela,Structural Analysis Engineer,19,1,Audi,1
463,Falito,Barkhouse,fbarkhousecu@jalbum.net,Male,40,false,Slovenia,Clinical Specialist,15,1,Mercedes-Benz,0
464,Connie,Pimerick,cpimerickcv@merriam-webster.com,Female,20,true,Thailand,Environmental Specialist,17,1,Hummer,1
465,Kelby,Kilroy,kkilroycw@webmd.com,Agender,37,false,Bangladesh,Mechanical Systems Engineer,14,1,Lexus,0
466,Manny,Renahan,mrenahancx@taobao.com,Male,40,true,Chile,Operator,16,1,Dodge,1
467,Vivien,Border,vbordercy@marriott.com,Non-binary,45,false,Democratic Republic of the Congo,Compensation Analyst,11,1,Maserati,1
468,Agustin,Doucette,adoucettecz@blogtalkradio.com,Male,20,true,Seychelles,Assistant Media Planner,17,1,Plymouth,1
469,Nichols,Harrington,nharringtond0@gov.uk,Male,41,true,Russia,GIS Technical Architect,22,1,Lexus,1
470,Von,Palley,vpalleyd1@cdbaby.com,Male,35,true,Russia,Assistant Manager,25,1,BMW,0
471,Thomasina,Moses,tmosesd2@comsenz.com,Female,32,false,Ukraine,Recruiter,21,1,Chevrolet,0
472,Allayne,Calverd,acalverdd3@netscape.com,Male,38,true,Afghanistan,Accountant II,12,1,Mercedes-Benz,1
473,Lyell,Serck,lserckd4@examiner.com,Male,37,false,Philippines,Physical Therapy Assistant,15,0,,1
474,Chandler,Norster,cnorsterd5@gmpg.org,Genderfluid,38,false,Indonesia,Tax Accountant,23,1,Oldsmobile,0
475,Ashlen,Merrick,amerrickd6@arizona.edu,Female,53,false,Pakistan,Software Test Engineer I,16,1,Dodge,1
476,Wildon,Labin,wlabind7@soup.io,Male,34,false,Czech Republic,Help Desk Operator,12,1,Isuzu,0
477,Piggy,Oxbrow,poxbrowd8@networkadvertising.org,Male,44,false,Tunisia,Quality Engineer,18,1,GMC,0
478,Mathilde,Bogges,mboggesd9@loc.gov,Female,23,false,Russia,Engineer I,17,0,,1
479,Remington,Flement,rflementda@engadget.com,Male,20,false,Mexico,Sales Associate,20,1,Ford,0
480,Jasmine,Corinton,jcorintondb@purevolume.com,Female,28,true,Peru,VP Sales,12,1,Isuzu,1
481,Caddric,Leroux,clerouxdc@kickstarter.com,Male,30,false,Tajikistan,Registered Nurse,13,0,,0
482,Adair,Bulford,abulforddd@reference.com,Male,21,false,Hungary,Research Nurse,14,1,Dodge,1
483,Reiko,Danneil,rdanneilde@yellowbook.com,Female,39,true,China,Staff Scientist,21,0,,1
484,Yule,Lere,yleredf@nytimes.com,Male,28,true,Portugal,Software Test Engineer I,8,1,Chevrolet,0
485,Aaron,Paprotny,apaprotnydg@domainmarket.com,Genderqueer,45,true,Sweden,Director of Sales,8,1,Geo,0
486,Farica,Alleyn,falleyndh@ed.gov,Female,43,false,Vietnam,Chief Design Engineer,10,0,,0
487,Vasilis,Harral,vharraldi@artisteer.com,Male,34,true,China,Web Designer I,16,1,Isuzu,0
488,Darsey,Divina,ddivinadj@yahoo.co.jp,Female,54,true,Poland,Computer Systems Analyst IV,16,1,Dodge,0
489,Jamesy,Gordon-Giles,jgordongilesdk@alibaba.com,Genderqueer,50,true,Bosnia and Herzegovina,Automation Specialist I,18,1,Lexus,0
490,Etti,Gavriel,egavrieldl@ucoz.com,Female,38,true,United States,Safety Technician II,21,0,,0
491,Brigitta,Engel,bengeldm@feedburner.com,Female,31,false,Brazil,Research Associate,19,1,Land Rover,0
492,Isa,Kyndred,ikyndreddn@skyrock.com,Bigender,34,false,China,Civil Engineer,14,1,Dodge,0
493,Steve,Hendren,shendrendo@4shared.com,Male,30,true,Slovenia,Desktop Support Technician,22,0,,0
494,Prent,Yurmanovev,pyurmanovevdp@buzzfeed.com,Male,21,true,China,Graphic Designer,16,1,Ford,1
495,Tann,Wollen,twollendq@mac.com,Male,30,true,Cameroon,Office Assistant I,19,1,Alfa Romeo,0
496,Kaiser,Shewery,kshewerydr@epa.gov,Non-binary,43,true,Czech Republic,Senior Developer,23,1,Lamborghini,1
497,Torey,Giovannilli,tgiovannillids@barnesandnoble.com,Female,30,false,Syria,Chief Design Engineer,10,0,,1
498,Zebulon,Bindon,zbindondt@amazon.com,Male,26,true,Sweden,Product Engineer,11,1,BMW,0
499,Giuditta,Brewerton,gbrewertondu@1688.com,Female,20,false,China,Staff Accountant II,17,1,Infiniti,1
500,Staford,Ericssen,sericssendv@weibo.com,Male,54,true,Myanmar,Librarian,12,1,Ford,1
